symbol,issue
AMZN,SPIKE: 1 days with >50% move
NFLX,SPIKE: 1 days with >50% move
ABVEW,SPIKE: 5 days with >50% move
ACET,SPIKE: 1 days with >50% move
ACONW,SPIKE: 2 days with >50% move
ACXP,SPIKE: 1 days with >50% move
ADACU,GAPS: Missing 2 business days (10.5% of range)
ADALW,SPIKE: 13 days with >50% move
ADGM,SPIKE: 2 days with >50% move
ADIL,SPIKE: 9 days with >50% move
ADOCR,SPIKE: 14 days with >50% move
ADSEW,SPIKE: 1 days with >50% move
ADT,SPIKE: 1 days with >50% move
ADTN,SPIKE: 1 days with >50% move
ADTX,SPIKE: 13 days with >50% move
ADV,GAPS: Missing 631 business days (25.9% of range)
ADXN,SPIKE: 8 days with >50% move
AEHA,ZERO_PRICE: 1 days with 0.0 price
AEHA,SPIKE: 16 days with >50% move
AEHL,SPIKE: 2 days with >50% move
AEI,SPIKE: 1 days with >50% move
AEMD,SPIKE: 2 days with >50% move
AENTW,SPIKE: 1 days with >50% move
AERT,SPIKE: 4 days with >50% move
AEVAW,SPIKE: 15 days with >50% move
AFJK,SPIKE: 5 days with >50% move
AFJKU,SPIKE: 3 days with >50% move
AFMD,SPIKE: 2 days with >50% move
AGAE,SPIKE: 1 days with >50% move
AGIO,SPIKE: 1 days with >50% move
AGMH,SPIKE: 1 days with >50% move
AGPU,SPIKE: 2 days with >50% move
AGTC,SPIKE: 1 days with >50% move
AHMA,SPIKE: 2 days with >50% move
AIHS,SPIKE: 1 days with >50% move
AIIOW,SPIKE: 4 days with >50% move
AIRE,SPIKE: 2 days with >50% move
AIXC,SPIKE: 1 days with >50% move
AKAN,SPIKE: 2 days with >50% move
AKUS,SPIKE: 1 days with >50% move
AKUS,GAPS: Missing 24 business days (19.4% of range)
ALCYW,SPIKE: 1 days with >50% move
ALDFW,SPIKE: 1 days with >50% move
ALLR,SPIKE: 1 days with >50% move
ALMS,SPIKE: 1 days with >50% move
ALNT,SPIKE: 3 days with >50% move
ALORW,SPIKE: 1 days with >50% move
ALPS,SPIKE: 1 days with >50% move
ALPS,GAPS: Missing 601 business days (85.7% of range)
ALTIW,SPIKE: 1 days with >50% move
AMAOW,SPIKE: 4 days with >50% move
AMBR,SPIKE: 1 days with >50% move
AMCI,SPIKE: 4 days with >50% move
AMG,SPIKE: 1 days with >50% move
AMIX,SPIKE: 1 days with >50% move
AMKR,SPIKE: 1 days with >50% move
AMLX,SPIKE: 2 days with >50% move
AMOD,SPIKE: 3 days with >50% move
AMODW,SPIKE: 43 days with >50% move
AMPX,SPIKE: 2 days with >50% move
AMST,SPIKE: 5 days with >50% move
AMWL,SPIKE: 1 days with >50% move
ANAB,SPIKE: 2 days with >50% move
ANDG,GAPS: Missing 2 business days (11.1% of range)
ANGH,SPIKE: 1 days with >50% move
ANGHW,SPIKE: 1 days with >50% move
ANGX,GAPS: Missing 386 business days (79.4% of range)
ANIP,SPIKE: 7 days with >50% move
ANPA,SPIKE: 1 days with >50% move
ANRO,SPIKE: 2 days with >50% move
ANTE,SPIKE: 1 days with >50% move
APCXW,SPIKE: 11 days with >50% move
APLM,SPIKE: 2 days with >50% move
APLMW,SPIKE: 2 days with >50% move
APLT,SPIKE: 3 days with >50% move
APRN,SPIKE: 1 days with >50% move
APVO,SPIKE: 1 days with >50% move
AQMS,SPIKE: 3 days with >50% move
ARBB,SPIKE: 1 days with >50% move
ARBEW,SPIKE: 1 days with >50% move
ARBK,SPIKE: 2 days with >50% move
ARBKL,SPIKE: 1 days with >50% move
ARCKW,SPIKE: 9 days with >50% move
ARCT,SPIKE: 1 days with >50% move
AREB,SPIKE: 4 days with >50% move
ARGUW,SPIKE: 12 days with >50% move
ARQQW,SPIKE: 4 days with >50% move
ARTL,SPIKE: 1 days with >50% move
ARTV,SPIKE: 2 days with >50% move
ASBP,SPIKE: 1 days with >50% move
ASBPW,SPIKE: 2 days with >50% move
ASNS,SPIKE: 2 days with >50% move
ASPC,SPIKE: 2 days with >50% move
ASPCU,SPIKE: 2 days with >50% move
ASPSZ,SPIKE: 1 days with >50% move
ASRT,SPIKE: 1 days with >50% move
ASTC,SPIKE: 15 days with >50% move
ATER,SPIKE: 3 days with >50% move
ATGL,SPIKE: 1 days with >50% move
ATHA,SPIKE: 2 days with >50% move
ATIF,SPIKE: 3 days with >50% move
ATLN,SPIKE: 8 days with >50% move
ATLO,SPIKE: 3 days with >50% move
ATLX,ZERO_PRICE: 13 days with 0.0 price
ATLX,SPIKE: 68 days with >50% move
ATMCW,SPIKE: 1 days with >50% move
ATON,SPIKE: 1 days with >50% move
ATPC,SPIKE: 3 days with >50% move
ATYR,SPIKE: 1 days with >50% move
AURC,SPIKE: 3 days with >50% move
AUUDW,SPIKE: 4 days with >50% move
AVX,SPIKE: 1 days with >50% move
AZI,SPIKE: 3 days with >50% move
BACCR,SPIKE: 1 days with >50% move
BAERW,SPIKE: 1 days with >50% move
ADCT,SPIKE: 2 days with >50% move
MNTS,SPIKE: 2 days with >50% move
TPL,SPIKE: 1 days with >50% move
PUMP,SPIKE: 1 days with >50% move
EKSO,SPIKE: 1 days with >50% move
TLRY,SPIKE: 2 days with >50% move
OII,SPIKE: 2 days with >50% move
ETHZ,SPIKE: 1 days with >50% move
HPP,SPIKE: 1 days with >50% move
VAL,SPIKE: 2 days with >50% move
VAL,GAPS: Missing 1204 business days (17.6% of range)
BBGI,SPIKE: 1 days with >50% move
OLMA,SPIKE: 1 days with >50% move
GPCR,SPIKE: 1 days with >50% move
WKHS,SPIKE: 1 days with >50% move
MTVA,SPIKE: 2 days with >50% move
TGL,SPIKE: 9 days with >50% move
CORT,SPIKE: 1 days with >50% move
SMX,SPIKE: 10 days with >50% move
NOW,SPIKE: 1 days with >50% move
CLIK,SPIKE: 2 days with >50% move
COO,SPIKE: 2 days with >50% move
KRRO,SPIKE: 4 days with >50% move
DBGI,SPIKE: 1 days with >50% move
EGAN,SPIKE: 10 days with >50% move
RPT,SPIKE: 1 days with >50% move
ET,SPIKE: 2 days with >50% move
VCEL,SPIKE: 11 days with >50% move
MDV,SPIKE: 1 days with >50% move
PSNY,SPIKE: 1 days with >50% move
NNNN,SPIKE: 1 days with >50% move
ATIIW,SPIKE: 1 days with >50% move
MEI,SPIKE: 1 days with >50% move
STRA,SPIKE: 1 days with >50% move
MTB,SPIKE: 1 days with >50% move
SOGP,SPIKE: 2 days with >50% move
SUGP,SPIKE: 2 days with >50% move
OSG,GAPS: Missing 357 business days (78.1% of range)
INBX,SPIKE: 1 days with >50% move
PMN,SPIKE: 1 days with >50% move
BBLN,SPIKE: 1 days with >50% move
ULTI,SPIKE: 1 days with >50% move
ULTI,GAPS: Missing 1698 business days (94.4% of range)
BCGWW,SPIKE: 2 days with >50% move
BCTX,SPIKE: 1 days with >50% move
BDRX,SPIKE: 3 days with >50% move
BDSX,SPIKE: 1 days with >50% move
BEAT,SPIKE: 2 days with >50% move
BEATW,SPIKE: 3 days with >50% move
BEEP,SPIKE: 1 days with >50% move
BEN,SPIKE: 1 days with >50% move
BENF,SPIKE: 3 days with >50% move
BENFW,SPIKE: 4 days with >50% move
VOR,SPIKE: 1 days with >50% move
BETRW,SPIKE: 1 days with >50% move
BFRGW,SPIKE: 1 days with >50% move
BGRY,GAPS: Missing 20 business days (16.7% of range)
BGRYW,SPIKE: 1 days with >50% move
MLYS,SPIKE: 1 days with >50% move
BIAF,SPIKE: 2 days with >50% move
BIAFW,SPIKE: 3 days with >50% move
BINI,SPIKE: 3 days with >50% move
BIYA,SPIKE: 2 days with >50% move
BJDX,SPIKE: 1 days with >50% move
RHLD,SPIKE: 1 days with >50% move
BKYI,SPIKE: 1 days with >50% move
GMRE,SPIKE: 1 days with >50% move
BLMZ,SPIKE: 2 days with >50% move
MTG,SPIKE: 3 days with >50% move
SPRU,SPIKE: 1 days with >50% move
QMMM,SPIKE: 1 days with >50% move
MFA,SPIKE: 3 days with >50% move
BNAI,SPIKE: 4 days with >50% move
BNAIW,SPIKE: 5 days with >50% move
BNKK,SPIKE: 1 days with >50% move
STI,SPIKE: 2 days with >50% move
MBX,SPIKE: 1 days with >50% move
BNZIW,SPIKE: 4 days with >50% move
FSK,SPIKE: 1 days with >50% move
BOWNU,SPIKE: 1 days with >50% move
BOXL,SPIKE: 13 days with >50% move
BRID,SPIKE: 1 days with >50% move
BRLIR,SPIKE: 1 days with >50% move
BRLIU,SPIKE: 1 days with >50% move
BRLS,SPIKE: 1 days with >50% move
BRLIW,SPIKE: 6 days with >50% move
OESX,SPIKE: 1 days with >50% move
TERN,SPIKE: 1 days with >50% move
SNEX,SPIKE: 1 days with >50% move
OMC,SPIKE: 1 days with >50% move
BSLKW,SPIKE: 2 days with >50% move
BTBD,SPIKE: 1 days with >50% move
BTBDW,SPIKE: 2 days with >50% move
BTMDW,SPIKE: 3 days with >50% move
BTTC,SPIKE: 1 days with >50% move
BUJA,SPIKE: 1 days with >50% move
BULLZ,SPIKE: 4 days with >50% move
MT,SPIKE: 2 days with >50% move
LOMA,SPIKE: 1 days with >50% move
MAMK,SPIKE: 1 days with >50% move
BYND,SPIKE: 2 days with >50% move
FRGE,SPIKE: 1 days with >50% move
HYMCW,SPIKE: 4 days with >50% move
HYMCW,GAPS: Missing 153 business days (60.5% of range)
CABR,SPIKE: 2 days with >50% move
CAPS,SPIKE: 9 days with >50% move
CAPR,SPIKE: 1 days with >50% move
CAPTW,SPIKE: 2 days with >50% move
VELO,SPIKE: 1 days with >50% move
CAUD,SPIKE: 37 days with >50% move
GSIT,SPIKE: 1 days with >50% move
CCCMW,SPIKE: 2 days with >50% move
CCCXW,SPIKE: 1 days with >50% move
CCGWW,SPIKE: 1 days with >50% move
CCHH,SPIKE: 2 days with >50% move
CCIXW,SPIKE: 1 days with >50% move
PEPG,SPIKE: 1 days with >50% move
CDLX,SPIKE: 1 days with >50% move
CDT,SPIKE: 1 days with >50% move
CDTTW,SPIKE: 1 days with >50% move
CDTG,SPIKE: 1 days with >50% move
CDTX,SPIKE: 1 days with >50% move
XBP,SPIKE: 1 days with >50% move
CELUW,SPIKE: 1 days with >50% move
CENN,SPIKE: 1 days with >50% move
CETX,SPIKE: 2 days with >50% move
CETY,SPIKE: 2 days with >50% move
CFMS,SPIKE: 1 days with >50% move
CGC,SPIKE: 1 days with >50% move
CGCTW,SPIKE: 1 days with >50% move
CHACR,SPIKE: 1 days with >50% move
CHAI,SPIKE: 1 days with >50% move
CHEK,SPIKE: 1 days with >50% move
CHR,SPIKE: 2 days with >50% move
CIGL,SPIKE: 2 days with >50% move
LMNX,SPIKE: 2 days with >50% move
LMNX,GAPS: Missing 1115 business days (91.8% of range)
CINGW,SPIKE: 1 days with >50% move
CISS,SPIKE: 2 days with >50% move
CLINW,SPIKE: 2 days with >50% move
CLPT,SPIKE: 1 days with >50% move
CLXT,SPIKE: 2 days with >50% move
CMBM,SPIKE: 2 days with >50% move
CMCT,SPIKE: 2 days with >50% move
CMMB,SPIKE: 1 days with >50% move
CMND,SPIKE: 1 days with >50% move
CMRX,SPIKE: 2 days with >50% move
FOFO,SPIKE: 2 days with >50% move
CNCK,SPIKE: 1 days with >50% move
CNCKW,SPIKE: 1 days with >50% move
CNF,SPIKE: 1 days with >50% move
COCH,SPIKE: 1 days with >50% move
COCHW,SPIKE: 1 days with >50% move
CODX,SPIKE: 5 days with >50% move
COEPW,SPIKE: 1 days with >50% move
COGT,SPIKE: 1 days with >50% move
COLAR,SPIKE: 1 days with >50% move
COOT,SPIKE: 1 days with >50% move
COOTW,SPIKE: 2 days with >50% move
CPAAW,SPIKE: 2 days with >50% move
CPAC,SPIKE: 1 days with >50% move
CPOP,SPIKE: 1 days with >50% move
THH,SPIKE: 2 days with >50% move
CRESW,SPIKE: 2 days with >50% move
CREVW,SPIKE: 3 days with >50% move
SNDX,SPIKE: 1 days with >50% move
CRML,SPIKE: 1 days with >50% move
CRMLW,SPIKE: 3 days with >50% move
QNRX,SPIKE: 1 days with >50% move
CSLMF,SPIKE: 4 days with >50% move
NCEW,SPIKE: 1 days with >50% move
MLTX,SPIKE: 1 days with >50% move
INBS,SPIKE: 2 days with >50% move
MTDR,SPIKE: 1 days with >50% move
CUPR,SPIKE: 1 days with >50% move
CURX,SPIKE: 1 days with >50% move
CVIIW,SPIKE: 1 days with >50% move
CWD,SPIKE: 2 days with >50% move
DD,SPIKE: 1 days with >50% move
CYCN,SPIKE: 7 days with >50% move
CYCUW,SPIKE: 4 days with >50% move
CYPH,SPIKE: 2 days with >50% move
DALN,SPIKE: 1 days with >50% move
DBTX,SPIKE: 1 days with >50% move
DCPH,SPIKE: 1 days with >50% move
DCPH,GAPS: Missing 22 business days (18.0% of range)
DCX,SPIKE: 4 days with >50% move
DDD,SPIKE: 2 days with >50% move
DENN,SPIKE: 3 days with >50% move
STNG,SPIKE: 1 days with >50% move
GWAV,SPIKE: 2 days with >50% move
DFLI,SPIKE: 3 days with >50% move
DFLIW,SPIKE: 2 days with >50% move
DFSCW,SPIKE: 2 days with >50% move
DGNX,SPIKE: 1 days with >50% move
YDES,SPIKE: 3 days with >50% move
RDW,SPIKE: 1 days with >50% move
DJTWW,SPIKE: 1 days with >50% move
DKI,SPIKE: 1 days with >50% move
DLTH,SPIKE: 1 days with >50% move
DLXY,SPIKE: 2 days with >50% move
DM,SPIKE: 1 days with >50% move
QURE,SPIKE: 1 days with >50% move
DRCT,SPIKE: 1 days with >50% move
DRIO,SPIKE: 1 days with >50% move
TEVA,SPIKE: 1 days with >50% move
MFI,SPIKE: 4 days with >50% move
DSKE,SPIKE: 1 days with >50% move
HTCO,SPIKE: 3 days with >50% move
DSY,SPIKE: 1 days with >50% move
DSYWW,SPIKE: 2 days with >50% move
DTCK,SPIKE: 4 days with >50% move
MED,SPIKE: 17 days with >50% move
DTIL,SPIKE: 2 days with >50% move
DUETW,SPIKE: 2 days with >50% move
DUO,SPIKE: 1 days with >50% move
DVLT,SPIKE: 4 days with >50% move
MS,SPIKE: 1 days with >50% move
DYNXW,SPIKE: 1 days with >50% move
EAF,SPIKE: 1 days with >50% move
EB,SPIKE: 1 days with >50% move
KURA,SPIKE: 1 days with >50% move
REPL,SPIKE: 1 days with >50% move
ECDA,SPIKE: 2 days with >50% move
ECDAW,SPIKE: 1 days with >50% move
EDBLW,SPIKE: 2 days with >50% move
EDHL,SPIKE: 2 days with >50% move
EEIQ,SPIKE: 1 days with >50% move
EFTR,SPIKE: 8 days with >50% move
EGO,SPIKE: 1 days with >50% move
ELAB,SPIKE: 3 days with >50% move
ELBM,SPIKE: 2 days with >50% move
ELME,SPIKE: 1 days with >50% move
ELPW,SPIKE: 1 days with >50% move
LVLU,SPIKE: 1 days with >50% move
ELVN,SPIKE: 1 days with >50% move
ENGNW,SPIKE: 2 days with >50% move
ENGS,SPIKE: 2 days with >50% move
SAIH,SPIKE: 1 days with >50% move
ENTA,SPIKE: 1 days with >50% move
ENTXW,SPIKE: 16 days with >50% move
ENVB,SPIKE: 2 days with >50% move
EOSEW,SPIKE: 4 days with >50% move
LXP,SPIKE: 1 days with >50% move
EPOW,SPIKE: 1 days with >50% move
EPSM,SPIKE: 6 days with >50% move
EPWK,SPIKE: 3 days with >50% move
WOLF,SPIKE: 1 days with >50% move
ESHAR,SPIKE: 1 days with >50% move
WAVE,SPIKE: 4 days with >50% move
ESLAW,SPIKE: 2 days with >50% move
STRR,SPIKE: 2 days with >50% move
ESTA,SPIKE: 1 days with >50% move
ETN,SPIKE: 2 days with >50% move
ETS,SPIKE: 1 days with >50% move
EUDA,SPIKE: 1 days with >50% move
EUDAW,SPIKE: 1 days with >50% move
EURKR,SPIKE: 1 days with >50% move
EVAX,SPIKE: 6 days with >50% move
EVOK,SPIKE: 1 days with >50% move
EVTV,SPIKE: 10 days with >50% move
EZGO,SPIKE: 1 days with >50% move
FAAS,SPIKE: 1 days with >50% move
FAASW,SPIKE: 1 days with >50% move
FATBW,SPIKE: 1 days with >50% move
FBYDW,SPIKE: 1 days with >50% move
FCHL,SPIKE: 1 days with >50% move
NVRI,SPIKE: 1 days with >50% move
FEED,SPIKE: 1 days with >50% move
FEMY,SPIKE: 1 days with >50% move
FET,SPIKE: 6 days with >50% move
FFAI,SPIKE: 16 days with >50% move
FFAIW,SPIKE: 5 days with >50% move
FFIV,SPIKE: 1 days with >50% move
FGEN,SPIKE: 3 days with >50% move
FGI,SPIKE: 1 days with >50% move
FGIWW,SPIKE: 2 days with >50% move
FICVW,SPIKE: 11 days with >50% move
FLACW,SPIKE: 3 days with >50% move
FLDD,GAPS: Missing 5 business days (11.1% of range)
FLDDW,SPIKE: 1 days with >50% move
FLJ,SPIKE: 1 days with >50% move
RYM,SPIKE: 1 days with >50% move
FLUX,SPIKE: 1 days with >50% move
FLYE,SPIKE: 3 days with >50% move
FMSTW,SPIKE: 1 days with >50% move
FOXX,SPIKE: 1 days with >50% move
FOXXW,SPIKE: 1 days with >50% move
FRBNU,SPIKE: 2 days with >50% move
FRBN,SPIKE: 2 days with >50% move
FREQ,SPIKE: 1 days with >50% move
FRGT,SPIKE: 1 days with >50% move
FRLAW,SPIKE: 24 days with >50% move
NRIM,SPIKE: 1 days with >50% move
FRRSF,SPIKE: 1 days with >50% move
FRRSF,GAPS: Missing 24 business days (19.4% of range)
FRSX,SPIKE: 1 days with >50% move
FSFG,SPIKE: 1 days with >50% move
FSHPR,SPIKE: 3 days with >50% move
FTAAW,SPIKE: 13 days with >50% move
FTEL,SPIKE: 2 days with >50% move
FTPAW,SPIKE: 8 days with >50% move
FWDI,SPIKE: 1 days with >50% move
FXCOR,ZERO_PRICE: 52 days with 0.0 price
FXCOR,SPIKE: 2 days with >50% move
FXCOW,ZERO_PRICE: 100 days with 0.0 price
NXTT,SPIKE: 5 days with >50% move
GBBKW,SPIKE: 4 days with >50% move
MRAM,SPIKE: 2 days with >50% move
GCMGW,SPIKE: 6 days with >50% move
GCTK,SPIKE: 1 days with >50% move
GCTSW,SPIKE: 2 days with >50% move
GDC,SPIKE: 1 days with >50% move
GDEVW,SPIKE: 3 days with >50% move
GDHG,SPIKE: 1 days with >50% move
KRYS,SPIKE: 1 days with >50% move
GDSTW,SPIKE: 2 days with >50% move
GELS,SPIKE: 1 days with >50% move
GFAI,SPIKE: 11 days with >50% move
GFAIW,SPIKE: 1 days with >50% move
GGR,SPIKE: 1 days with >50% move
GGROW,SPIKE: 6 days with >50% move
RILYL,SPIKE: 1 days with >50% move
GHI,SPIKE: 1 days with >50% move
GIBO,SPIKE: 1 days with >50% move
GIBOW,SPIKE: 2 days with >50% move
GIGGW,SPIKE: 2 days with >50% move
GIGM,SPIKE: 2 days with >50% move
GIPR,SPIKE: 1 days with >50% move
GIPRW,SPIKE: 3 days with >50% move
GIW,GAPS: Missing 744 business days (88.2% of range)
GIWWW,SPIKE: 6 days with >50% move
LRN,SPIKE: 1 days with >50% move
GLTO,SPIKE: 2 days with >50% move
GLXG,SPIKE: 1 days with >50% move
GLW,SPIKE: 1 days with >50% move
GMGT,SPIKE: 1 days with >50% move
GMHS,SPIKE: 1 days with >50% move
GNPX,SPIKE: 2 days with >50% move
GNTA,SPIKE: 1 days with >50% move
GODN,SPIKE: 1 days with >50% move
GODNU,SPIKE: 1 days with >50% move
GOLD,SPIKE: 1 days with >50% move
GOLD,GAPS: Missing 1810 business days (94.8% of range)
GOTU,SPIKE: 4 days with >50% move
GOVX,SPIKE: 1 days with >50% move
GP,SPIKE: 2 days with >50% move
GRCL,SPIKE: 1 days with >50% move
GRI,SPIKE: 1 days with >50% move
GRNA,GAPS: Missing 18 business days (15.3% of range)
GRNAW,SPIKE: 1 days with >50% move
GRRRW,SPIKE: 1 days with >50% move
GRYP,SPIKE: 1 days with >50% move
GSDWW,SPIKE: 12 days with >50% move
GSIW,SPIKE: 1 days with >50% move
GSRMW,SPIKE: 2 days with >50% move
GTERR,SPIKE: 1 days with >50% move
GTN,SPIKE: 1 days with >50% move
GV,SPIKE: 1 days with >50% move
GVCIW,SPIKE: 7 days with >50% move
GVH,SPIKE: 1 days with >50% move
GWH,SPIKE: 2 days with >50% move
GXAI,SPIKE: 1 days with >50% move
VALE,SPIKE: 2 days with >50% move
TEX,SPIKE: 1 days with >50% move
JL,SPIKE: 3 days with >50% move
HCWB,SPIKE: 2 days with >50% move
HIHO,SPIKE: 1 days with >50% move
HKD,SPIKE: 1 days with >50% move
HKIT,SPIKE: 1 days with >50% move
HMACR,SPIKE: 4 days with >50% move
HMACW,SPIKE: 5 days with >50% move
HMCOW,SPIKE: 9 days with >50% move
NEXT,SPIKE: 4 days with >50% move
HOUR,SPIKE: 2 days with >50% move
HPLTW,SPIKE: 5 days with >50% move
HRTX,SPIKE: 5 days with >50% move
HRYU,SPIKE: 2 days with >50% move
HSCSW,SPIKE: 5 days with >50% move
HSDT,SPIKE: 1 days with >50% move
HT,SPIKE: 3 days with >50% move
HTCR,SPIKE: 6 days with >50% move
HUBCW,SPIKE: 2 days with >50% move
HUBCZ,SPIKE: 52 days with >50% move
HUBG,SPIKE: 3 days with >50% move
ZVZZT,SPIKE: 21 days with >50% move
HWH,SPIKE: 1 days with >50% move
HXHX,SPIKE: 1 days with >50% move
HYMCL,SPIKE: 2 days with >50% move
HYZNW,SPIKE: 3 days with >50% move
IBACR,SPIKE: 1 days with >50% move
IBG,SPIKE: 2 days with >50% move
ICON,SPIKE: 1 days with >50% move
ICU,SPIKE: 2 days with >50% move
ICUCW,SPIKE: 1 days with >50% move
IINN,SPIKE: 4 days with >50% move
IINNW,SPIKE: 15 days with >50% move
IKT,SPIKE: 1 days with >50% move
ILAG,SPIKE: 7 days with >50% move
ILLR,SPIKE: 2 days with >50% move
ILLRW,SPIKE: 8 days with >50% move
IMACW,SPIKE: 14 days with >50% move
IMG,SPIKE: 1 days with >50% move
IMTXW,SPIKE: 9 days with >50% move
INHD,SPIKE: 3 days with >50% move
PHAT,SPIKE: 1 days with >50% move
OMER,SPIKE: 2 days with >50% move
INTS,SPIKE: 1 days with >50% move
INVZW,SPIKE: 13 days with >50% move
IOBT,SPIKE: 3 days with >50% move
INZY,SPIKE: 1 days with >50% move
IOMT,ZERO_PRICE: 3 days with 0.0 price
IOMT,SPIKE: 27 days with >50% move
IOMT,GAPS: Missing 756 business days (34.9% of range)
IOTR,SPIKE: 2 days with >50% move
IPDN,SPIKE: 2 days with >50% move
IPEXR,SPIKE: 1 days with >50% move
IPST,SPIKE: 2 days with >50% move
IPW,SPIKE: 1 days with >50% move
IQMDW,SPIKE: 10 days with >50% move
ISO,SPIKE: 1 days with >50% move
ISPC,SPIKE: 1 days with >50% move
ISPOW,SPIKE: 1 days with >50% move
ISRLW,SPIKE: 1 days with >50% move
ITI,SPIKE: 1 days with >50% move
IVA,SPIKE: 1 days with >50% move
IVDA,SPIKE: 31 days with >50% move
IVDAW,SPIKE: 46 days with >50% move
IVF,SPIKE: 47 days with >50% move
IVP,SPIKE: 1 days with >50% move
IVVD,SPIKE: 1 days with >50% move
JANX,SPIKE: 1 days with >50% move
JBDI,SPIKE: 1 days with >50% move
JCSE,SPIKE: 1 days with >50% move
JDZG,SPIKE: 1 days with >50% move
JEM,SPIKE: 2 days with >50% move
JFB,SPIKE: 1 days with >50% move
JFU,SPIKE: 1 days with >50% move
MLCI,SPIKE: 1 days with >50% move
JILL,SPIKE: 4 days with >50% move
JHX,SPIKE: 1 days with >50% move
JJSF,SPIKE: 1 days with >50% move
JKHY,SPIKE: 1 days with >50% move
JSPRW,SPIKE: 2 days with >50% move
JUGGW,SPIKE: 6 days with >50% move
JVSA,SPIKE: 1 days with >50% move
JVSAU,SPIKE: 1 days with >50% move
ZJZZT,SPIKE: 6 days with >50% move
JXG,SPIKE: 2 days with >50% move
JYD,SPIKE: 1 days with >50% move
JZXN,SPIKE: 3 days with >50% move
KALA,SPIKE: 1 days with >50% move
KDNY,SPIKE: 1 days with >50% move
KIDZ,SPIKE: 1 days with >50% move
KIDZW,SPIKE: 1 days with >50% move
KITTW,SPIKE: 2 days with >50% move
KITT,SPIKE: 2 days with >50% move
SNN,SPIKE: 1 days with >50% move
KOD,SPIKE: 1 days with >50% move
KRKR,SPIKE: 1 days with >50% move
KRO,SPIKE: 1 days with >50% move
KROS,SPIKE: 1 days with >50% move
KSCP,SPIKE: 4 days with >50% move
KTCC,SPIKE: 4 days with >50% move
KTTA,SPIKE: 4 days with >50% move
KTOS,SPIKE: 1 days with >50% move
KTTAW,SPIKE: 47 days with >50% move
KVACW,SPIKE: 11 days with >50% move
KVHI,SPIKE: 2 days with >50% move
KWESW,SPIKE: 4 days with >50% move
KWE,SPIKE: 4 days with >50% move
WBTN,SPIKE: 1 days with >50% move
KWMWW,SPIKE: 1 days with >50% move
KXIN,SPIKE: 2 days with >50% move
KZIA,SPIKE: 1 days with >50% move
KZR,SPIKE: 1 days with >50% move
PTNM,SPIKE: 3 days with >50% move
VTYX,SPIKE: 1 days with >50% move
LAC,SPIKE: 1 days with >50% move
LASE,SPIKE: 1 days with >50% move
LAWR,SPIKE: 1 days with >50% move
LAZR,SPIKE: 3 days with >50% move
LBBBR,SPIKE: 6 days with >50% move
LBBBU,SPIKE: 1 days with >50% move
LBBBW,SPIKE: 4 days with >50% move
LBPH,SPIKE: 1 days with >50% move
LBGJ,SPIKE: 1 days with >50% move
LCAAW,SPIKE: 1 days with >50% move
LCFYW,SPIKE: 1 days with >50% move
LCID,SPIKE: 1 days with >50% move
V,SPIKE: 1 days with >50% move
LESL,SPIKE: 1 days with >50% move
LEXXW,SPIKE: 5 days with >50% move
LFACW,SPIKE: 5 days with >50% move
MGA,SPIKE: 1 days with >50% move
LFS,SPIKE: 2 days with >50% move
LGCL,SPIKE: 2 days with >50% move
LGHL,SPIKE: 2 days with >50% move
MFC,SPIKE: 1 days with >50% move
LHSW,SPIKE: 1 days with >50% move
SOC,SPIKE: 1 days with >50% move
LIONU,SPIKE: 1 days with >50% move
LITTW,SPIKE: 3 days with >50% move
SEMR,SPIKE: 1 days with >50% move
MENS,SPIKE: 3 days with >50% move
LMACW,SPIKE: 12 days with >50% move
LNAI,SPIKE: 1 days with >50% move
LOBO,SPIKE: 3 days with >50% move
LOCL,SPIKE: 4 days with >50% move
PLRZ,SPIKE: 4 days with >50% move
LOGI,SPIKE: 1 days with >50% move
LOKVW,SPIKE: 1 days with >50% move
LOTWW,SPIKE: 2 days with >50% move
LPAAW,SPIKE: 1 days with >50% move
LPBBW,SPIKE: 1 days with >50% move
OKLO,SPIKE: 1 days with >50% move
LPCN,SPIKE: 4 days with >50% move
OPEN,SPIKE: 1 days with >50% move
LPSN,SPIKE: 1 days with >50% move
LSEA,SPIKE: 1 days with >50% move
LSEAW,SPIKE: 1 days with >50% move
LSPRU,SPIKE: 1 days with >50% move
LTRY,SPIKE: 1 days with >50% move
MDRR,SPIKE: 3 days with >50% move
LTRYW,SPIKE: 20 days with >50% move
LUCYW,SPIKE: 4 days with >50% move
LVACW,SPIKE: 11 days with >50% move
LVO,SPIKE: 1 days with >50% move
LVRO,SPIKE: 1 days with >50% move
LVROW,SPIKE: 7 days with >50% move
LXEH,SPIKE: 1 days with >50% move
MAPSW,SPIKE: 2 days with >50% move
PLTS,SPIKE: 1 days with >50% move
MAZE,SPIKE: 1 days with >50% move
MBAY,ZERO_PRICE: 100 days with 0.0 price
MBRX,SPIKE: 1 days with >50% move
MSA,SPIKE: 2 days with >50% move
MCACU,SPIKE: 1 days with >50% move
MCACW,SPIKE: 3 days with >50% move
PRAX,SPIKE: 1 days with >50% move
MCOM,SPIKE: 1 days with >50% move
MDCXW,SPIKE: 3 days with >50% move
MDIA,SPIKE: 9 days with >50% move
MDGL,SPIKE: 9 days with >50% move
MDWD,SPIKE: 1 days with >50% move
MDXG,SPIKE: 9 days with >50% move
MEDP,SPIKE: 1 days with >50% move
MEGL,SPIKE: 8 days with >50% move
MEHA,SPIKE: 1 days with >50% move
MEOA,SPIKE: 1 days with >50% move
MOVE,SPIKE: 3 days with >50% move
MEOAW,SPIKE: 6 days with >50% move
MERC,SPIKE: 1 days with >50% move
MESO,SPIKE: 5 days with >50% move
MFIC,SPIKE: 1 days with >50% move
VWAV,SPIKE: 1 days with >50% move
MGRT,SPIKE: 2 days with >50% move
MHUA,SPIKE: 1 days with >50% move
MIGI,SPIKE: 2 days with >50% move
MIMI,SPIKE: 2 days with >50% move
MINM,SPIKE: 2 days with >50% move
MLACR,SPIKE: 1 days with >50% move
MLEC,SPIKE: 1 days with >50% move
MLECW,SPIKE: 3 days with >50% move
STOK,SPIKE: 1 days with >50% move
MNDR,SPIKE: 3 days with >50% move
MNTSW,SPIKE: 2 days with >50% move
MOBBW,SPIKE: 1 days with >50% move
MOBXW,SPIKE: 3 days with >50% move
MOGU,SPIKE: 1 days with >50% move
MPACW,SPIKE: 5 days with >50% move
SNCR,SPIKE: 1 days with >50% move
MPRAW,SPIKE: 7 days with >50% move
MREO,SPIKE: 5 days with >50% move
MRIN,SPIKE: 14 days with >50% move
MRM,SPIKE: 7 days with >50% move
MRKR,SPIKE: 4 days with >50% move
MRNO,SPIKE: 1 days with >50% move
MRNOW,SPIKE: 48 days with >50% move
MRSN,SPIKE: 5 days with >50% move
MRVI,SPIKE: 1 days with >50% move
MSAI,SPIKE: 4 days with >50% move
MSAIW,SPIKE: 32 days with >50% move
MSGM,SPIKE: 8 days with >50% move
MSGY,SPIKE: 2 days with >50% move
MSI,SPIKE: 2 days with >50% move
MSS,SPIKE: 2 days with >50% move
MSTR,SPIKE: 4 days with >50% move
MTC,SPIKE: 16 days with >50% move
MTCR,SPIKE: 1 days with >50% move
MTEK,SPIKE: 1 days with >50% move
MTEKW,SPIKE: 28 days with >50% move
MTEN,SPIKE: 3 days with >50% move
MTEX,SPIKE: 2 days with >50% move
MURFW,SPIKE: 3 days with >50% move
MYPSW,SPIKE: 1 days with >50% move
MYSEW,SPIKE: 1 days with >50% move
NAKAW,SPIKE: 3 days with >50% move
BEG,GAPS: Missing 2 business days (10.5% of range)
NAKA,SPIKE: 2 days with >50% move
BIDG,GAPS: Missing 2 business days (10.5% of range)
NAMMW,SPIKE: 2 days with >50% move
BIXIW,SPIKE: 1 days with >50% move
BPRE,GAPS: Missing 2 business days (10.5% of range)
NCEL,SPIKE: 1 days with >50% move
NCI,SPIKE: 1 days with >50% move
NCPL,SPIKE: 1 days with >50% move
NVAWW,SPIKE: 1 days with >50% move
NCPLW,SPIKE: 2 days with >50% move
NDACW,SPIKE: 16 days with >50% move
NEHCW,SPIKE: 2 days with >50% move
NEON,SPIKE: 1 days with >50% move
CISSV,GAPS: Missing 1 business days (16.7% of range)
NEOVW,SPIKE: 2 days with >50% move
CMCSV,GAPS: Missing 2 business days (13.3% of range)
NERV,SPIKE: 1 days with >50% move
NEUP,SPIKE: 2 days with >50% move
NGIO,ZERO_PRICE: 56 days with 0.0 price
NGIO,SPIKE: 6 days with >50% move
WSHP,SPIKE: 1 days with >50% move
NITO,SPIKE: 1 days with >50% move
NIVF,SPIKE: 1 days with >50% move
NIVFW,SPIKE: 2 days with >50% move
NIXXW,SPIKE: 3 days with >50% move
NMG,SPIKE: 1 days with >50% move
VALN,SPIKE: 1 days with >50% move
TSHA,SPIKE: 1 days with >50% move
NOACW,SPIKE: 5 days with >50% move
NOTE,SPIKE: 1 days with >50% move
PCG,SPIKE: 2 days with >50% move
NOVV,SPIKE: 1 days with >50% move
NOVVU,SPIKE: 1 days with >50% move
NOVVW,SPIKE: 2 days with >50% move
STRS,SPIKE: 1 days with >50% move
NPACW,SPIKE: 1 days with >50% move
SNPS,SPIKE: 1 days with >50% move
NRSNW,SPIKE: 1 days with >50% move
NRXPW,SPIKE: 1 days with >50% move
NTBL,SPIKE: 1 days with >50% move
NTCL,SPIKE: 1 days with >50% move
WBD,SPIKE: 1 days with >50% move
NUAI,SPIKE: 1 days with >50% move
NUAIW,SPIKE: 4 days with >50% move
NUKKW,SPIKE: 1 days with >50% move
NVNIW,SPIKE: 3 days with >50% move
NVNI,SPIKE: 3 days with >50% move
GEHCV,GAPS: Missing 2 business days (14.3% of range)
NVVE,SPIKE: 4 days with >50% move
GEVG,GAPS: Missing 2 business days (10.5% of range)
NVVEW,SPIKE: 1 days with >50% move
NXL,SPIKE: 1 days with >50% move
NXPLW,SPIKE: 9 days with >50% move
NXU,SPIKE: 3 days with >50% move
STLD,SPIKE: 1 days with >50% move
OAKUW,SPIKE: 2 days with >50% move
GRALV,GAPS: Missing 1 business days (11.1% of range)
OCG,SPIKE: 4 days with >50% move
SATS,SPIKE: 1 days with >50% move
ODVWZ,SPIKE: 2 days with >50% move
OHPAW,SPIKE: 21 days with >50% move
OKE,SPIKE: 2 days with >50% move
OKYO,SPIKE: 1 days with >50% move
OLK,GAPS: Missing 28 business days (21.9% of range)
ONEG,SPIKE: 1 days with >50% move
ONMDW,SPIKE: 2 days with >50% move
ONMD,SPIKE: 1 days with >50% move
OPAD,SPIKE: 2 days with >50% move
OPTN,SPIKE: 2 days with >50% move
RGC,SPIKE: 1 days with >50% move
OPTXW,SPIKE: 2 days with >50% move
ORBS,SPIKE: 1 days with >50% move
ORGNW,SPIKE: 2 days with >50% move
ORIQW,SPIKE: 1 days with >50% move
ORIS,SPIKE: 1 days with >50% move
IGAC,GAPS: Missing 2 business days (11.8% of range)
ORKT,SPIKE: 2 days with >50% move
IGACR,GAPS: Missing 2 business days (12.5% of range)
OSRH,SPIKE: 1 days with >50% move
OSRHW,SPIKE: 1 days with >50% move
ILMNV,GAPS: Missing 1 business days (20.0% of range)
IMPPV,GAPS: Missing 1 business days (16.7% of range)
OTMO,SPIKE: 1 days with >50% move
OTLK,SPIKE: 2 days with >50% move
OTMOW,SPIKE: 5 days with >50% move
OUSTW,SPIKE: 6 days with >50% move
OUSTZ,SPIKE: 1 days with >50% move
OWLS,SPIKE: 1 days with >50% move
PACS,SPIKE: 1 days with >50% move
PACXW,SPIKE: 13 days with >50% move
PALI,SPIKE: 1 days with >50% move
PASW,SPIKE: 1 days with >50% move
PAVM,SPIKE: 1 days with >50% move
PAVS,SPIKE: 2 days with >50% move
PBMWW,SPIKE: 1 days with >50% move
PCLA,SPIKE: 3 days with >50% move
PCSA,SPIKE: 1 days with >50% move
PELIR,SPIKE: 1 days with >50% move
KLAG,GAPS: Missing 2 business days (11.1% of range)
PEPLW,SPIKE: 10 days with >50% move
PETS,SPIKE: 1 days with >50% move
PFAI,SPIKE: 1 days with >50% move
STLA,SPIKE: 1 days with >50% move
PFSA,SPIKE: 2 days with >50% move
PGACR,SPIKE: 1 days with >50% move
PHM,SPIKE: 2 days with >50% move
PHX,SPIKE: 3 days with >50% move
PIIIW,SPIKE: 14 days with >50% move
PLMIW,SPIKE: 10 days with >50% move
LBDKV,SPIKE: 1 days with >50% move
SVRA,SPIKE: 12 days with >50% move
SNSE,SPIKE: 2 days with >50% move
SLNHP,SPIKE: 1 days with >50% move
LGVNV,SPIKE: 1 days with >50% move
PMAX,SPIKE: 1 days with >50% move
PMCB,SPIKE: 1 days with >50% move
POM,SPIKE: 1 days with >50% move
PPBT,SPIKE: 1 days with >50% move
LPCVU,GAPS: Missing 2 business days (11.8% of range)
XWIN,SPIKE: 1 days with >50% move
PRHI,SPIKE: 1 days with >50% move
PRLD,SPIKE: 2 days with >50% move
PRPH,SPIKE: 1 days with >50% move
PRSO,SPIKE: 1 days with >50% move
PSIG,SPIKE: 1 days with >50% move
PSNYW,SPIKE: 3 days with >50% move
PSTX,SPIKE: 1 days with >50% move
UCFI,SPIKE: 1 days with >50% move
UFPI,SPIKE: 1 days with >50% move
PTHRW,SPIKE: 7 days with >50% move
PTIX,SPIKE: 1 days with >50% move
PTLE,SPIKE: 1 days with >50% move
PTIXW,SPIKE: 4 days with >50% move
PVL,SPIKE: 1 days with >50% move
PWM,SPIKE: 1 days with >50% move
MDLN,GAPS: Missing 2 business days (11.1% of range)
QCLS,SPIKE: 1 days with >50% move
MEMA,GAPS: Missing 2 business days (11.1% of range)
QH,SPIKE: 2 days with >50% move
METBV,GAPS: Missing 1 business days (25.0% of range)
METCV,GAPS: Missing 1 business days (25.0% of range)
QTTB,SPIKE: 1 days with >50% move
SGML,SPIKE: 2 days with >50% move
RAAQW,SPIKE: 1 days with >50% move
RANI,SPIKE: 2 days with >50% move
RANGR,SPIKE: 1 days with >50% move
RAPP,SPIKE: 1 days with >50% move
RAY,SPIKE: 2 days with >50% move
RAYA,SPIKE: 1 days with >50% move
REX,SPIKE: 1 days with >50% move
RBNE,SPIKE: 1 days with >50% move
RCKTW,SPIKE: 1 days with >50% move
RCT,SPIKE: 1 days with >50% move
RDFN,SPIKE: 1 days with >50% move
RDGT,SPIKE: 1 days with >50% move
OST,SPIKE: 5 days with >50% move
RDZNW,SPIKE: 1 days with >50% move
REE,SPIKE: 2 days with >50% move
RELIW,SPIKE: 1 days with >50% move
RENX,SPIKE: 1 days with >50% move
RETO,SPIKE: 1 days with >50% move
REUN,SPIKE: 1 days with >50% move
RFAIR,SPIKE: 1 days with >50% move
RGLS,SPIKE: 1 days with >50% move
RJET,SPIKE: 1 days with >50% move
RILY,SPIKE: 1 days with >50% move
RILYP,SPIKE: 1 days with >50% move
SOHOO,SPIKE: 1 days with >50% move
RITR,SPIKE: 1 days with >50% move
RMCOW,SPIKE: 1 days with >50% move
RMSGW,SPIKE: 1 days with >50% move
TC,SPIKE: 1 days with >50% move
NIOG,GAPS: Missing 2 business days (10.5% of range)
TDUP,SPIKE: 4 days with >50% move
RNWWW,SPIKE: 6 days with >50% move
ROI,SPIKE: 1 days with >50% move
RPGL,SPIKE: 2 days with >50% move
RSVRW,SPIKE: 1 days with >50% move
RUBI,SPIKE: 2 days with >50% move
STM,SPIKE: 1 days with >50% move
RVMDW,SPIKE: 3 days with >50% move
RVPHW,SPIKE: 3 days with >50% move
RVSN,SPIKE: 1 days with >50% move
RVSNW,SPIKE: 3 days with >50% move
RVYL,SPIKE: 2 days with >50% move
RXDX,SPIKE: 1 days with >50% move
WAL,SPIKE: 1 days with >50% move
RYOJ,SPIKE: 2 days with >50% move
RZLT,SPIKE: 1 days with >50% move
SABSW,SPIKE: 1 days with >50% move
SAIHW,SPIKE: 2 days with >50% move
VYX,SPIKE: 2 days with >50% move
TRIL,GAPS: Missing 1010 business days (91.0% of range)
SBFMW,SPIKE: 1 days with >50% move
SBIGW,SPIKE: 7 days with >50% move
STT,SPIKE: 1 days with >50% move
SCMAW,SPIKE: 8 days with >50% move
SCNX,SPIKE: 1 days with >50% move
SCWO,SPIKE: 2 days with >50% move
SDAWW,SPIKE: 1 days with >50% move
SDM,SPIKE: 1 days with >50% move
SDOT,SPIKE: 1 days with >50% move
SDST,SPIKE: 1 days with >50% move
SDSTW,SPIKE: 2 days with >50% move
SEATW,SPIKE: 1 days with >50% move
SEGG,SPIKE: 1 days with >50% move
SELX,SPIKE: 1 days with >50% move
SEV,SPIKE: 1 days with >50% move
PBRG,GAPS: Missing 2 business days (10.5% of range)
SFRT,ZERO_PRICE: 3 days with 0.0 price
SFRT,SPIKE: 3 days with >50% move
SFRTW,ZERO_PRICE: 77 days with 0.0 price
SFRTW,SPIKE: 1 days with >50% move
SGBX,SPIKE: 3 days with >50% move
SGTX,SPIKE: 2 days with >50% move
SHFS,SPIKE: 2 days with >50% move
SHFSW,SPIKE: 3 days with >50% move
SIDU,SPIKE: 1 days with >50% move
SKBL,SPIKE: 1 days with >50% move
WAB,SPIKE: 1 days with >50% move
SKYE,SPIKE: 1 days with >50% move
SKYQ,SPIKE: 3 days with >50% move
SLDP,SPIKE: 1 days with >50% move
SLDPW,SPIKE: 2 days with >50% move
SLE,SPIKE: 1 days with >50% move
SLMT,SPIKE: 2 days with >50% move
SLNH,SPIKE: 2 days with >50% move
SLRX,SPIKE: 2 days with >50% move
SMXWW,SPIKE: 4 days with >50% move
ZBIO,SPIKE: 1 days with >50% move
WVE,SPIKE: 1 days with >50% move
RENB,SPIKE: 1 days with >50% move
SNGX,SPIKE: 11 days with >50% move
SNOA,SPIKE: 12 days with >50% move
SNTG,SPIKE: 1 days with >50% move
SNT,SPIKE: 2 days with >50% move
SOBR,SPIKE: 1 days with >50% move
SOHO,SPIKE: 2 days with >50% move
SOLOW,SPIKE: 14 days with >50% move
SPHL,SPIKE: 1 days with >50% move
SPKLW,SPIKE: 1 days with >50% move
SPRC,SPIKE: 2 days with >50% move
SPTKW,SPIKE: 6 days with >50% move
SRM,SPIKE: 2 days with >50% move
SRZNW,SPIKE: 6 days with >50% move
SSKN,SPIKE: 1 days with >50% move
SCPQU,GAPS: Missing 2 business days (13.3% of range)
STEC,SPIKE: 2 days with >50% move
STFS,SPIKE: 1 days with >50% move
SGBXV,SPIKE: 1 days with >50% move
STKH,SPIKE: 1 days with >50% move
SNDL,SPIKE: 4 days with >50% move
SNES,SPIKE: 8 days with >50% move
STRO,SPIKE: 1 days with >50% move
STSSW,SPIKE: 21 days with >50% move
STSS,SPIKE: 8 days with >50% move
SONM,SPIKE: 1 days with >50% move
STTK,SPIKE: 2 days with >50% move
SOPA,SPIKE: 3 days with >50% move
SHOT,SPIKE: 1 days with >50% move
SHOT,GAPS: Missing 538 business days (99.6% of range)
SIFYR,SPIKE: 1 days with >50% move
SVCCW,SPIKE: 1 days with >50% move
SQFTW,SPIKE: 1 days with >50% move
SQNS,SPIKE: 1 days with >50% move
SVRE,SPIKE: 1 days with >50% move
SVREW,SPIKE: 8 days with >50% move
SVRN,SPIKE: 1 days with >50% move
SWAGW,SPIKE: 7 days with >50% move
SRAX,SPIKE: 17 days with >50% move
SWET,GAPS: Missing 21 business days (17.4% of range)
SWETW,SPIKE: 12 days with >50% move
SXTC,SPIKE: 1 days with >50% move
SYRA,SPIKE: 2 days with >50% move
TALKW,SPIKE: 1 days with >50% move
SNAG,GAPS: Missing 2 business days (11.1% of range)
SNDKV,GAPS: Missing 1 business days (14.3% of range)
TBLAW,SPIKE: 2 days with >50% move
TBSAW,SPIKE: 12 days with >50% move
TDIC,SPIKE: 1 days with >50% move
TGE,SPIKE: 2 days with >50% move
TGI,SPIKE: 1 days with >50% move
THAR,SPIKE: 1 days with >50% move
SVAQU,GAPS: Missing 2 business days (13.3% of range)
TIRX,SPIKE: 1 days with >50% move
TLNCW,SPIKE: 1 days with >50% move
TNMG,SPIKE: 1 days with >50% move
TNONW,SPIKE: 1 days with >50% move
TOPW,SPIKE: 1 days with >50% move
TOROV,SPIKE: 1 days with >50% move
TOROV,GAPS: Missing 547 business days (99.1% of range)
TRUE,SPIKE: 1 days with >50% move
TSIBW,SPIKE: 19 days with >50% move
TURB,SPIKE: 1 days with >50% move
TVACW,SPIKE: 1 days with >50% move
TVRD,SPIKE: 1 days with >50% move
TWCBW,SPIKE: 8 days with >50% move
TWG,SPIKE: 2 days with >50% move
UGRO,SPIKE: 1 days with >50% move
UHG,SPIKE: 1 days with >50% move
UHGWW,SPIKE: 3 days with >50% move
UPC,SPIKE: 1 days with >50% move
UKOMW,SPIKE: 4 days with >50% move
USX,SPIKE: 1 days with >50% move
ULY,SPIKE: 1 days with >50% move
VALG,GAPS: Missing 2 business days (11.8% of range)
VANI,SPIKE: 8 days with >50% move
VATE,SPIKE: 3 days with >50% move
VCIG,SPIKE: 9 days with >50% move
VCICW,SPIKE: 1 days with >50% move
VCXAW,SPIKE: 6 days with >50% move
VEEE,SPIKE: 5 days with >50% move
VHCPU,GAPS: Missing 2 business days (11.1% of range)
VGASW,SPIKE: 1 days with >50% move
VINO,SPIKE: 9 days with >50% move
VIVK,SPIKE: 3 days with >50% move
VLCN,SPIKE: 2 days with >50% move
VLN,SPIKE: 1 days with >50% move
VMAR,SPIKE: 2 days with >50% move
VMGAW,SPIKE: 11 days with >50% move
VNCE,SPIKE: 1 days with >50% move
VRAX,SPIKE: 1 days with >50% move
VRME,SPIKE: 1 days with >50% move
VSA,SPIKE: 3 days with >50% move
VSEE,SPIKE: 2 days with >50% move
VSEEW,SPIKE: 4 days with >50% move
VSME,SPIKE: 1 days with >50% move
VSNTV,GAPS: Missing 2 business days (13.3% of range)
VSSYW,SPIKE: 3 days with >50% move
VSTD,SPIKE: 1 days with >50% move
WAFU,SPIKE: 7 days with >50% move
WAI,SPIKE: 7 days with >50% move
WALDW,SPIKE: 7 days with >50% move
WATT,SPIKE: 9 days with >50% move
WBUY,SPIKE: 10 days with >50% move
WBUY,GAPS: Missing 74 business days (12.7% of range)
WBX,SPIKE: 1 days with >50% move
WCT,SPIKE: 3 days with >50% move
WDCVV,GAPS: Missing 1 business days (12.5% of range)
WENA,SPIKE: 2 days with >50% move
WENAW,SPIKE: 5 days with >50% move
WGRX,SPIKE: 2 days with >50% move
WHLR,SPIKE: 3 days with >50% move
WLACW,SPIKE: 1 days with >50% move
WLDS,SPIKE: 2 days with >50% move
WLDSW,SPIKE: 1 days with >50% move
WNS,SPIKE: 1 days with >50% move
WNS,GAPS: Missing 410 business days (80.4% of range)
WOK,SPIKE: 4 days with >50% move
WSTNU,GAPS: Missing 9 business days (18.0% of range)
WTO,SPIKE: 3 days with >50% move
WWACU,SPIKE: 1 days with >50% move
WXM,SPIKE: 1 days with >50% move
WYTC,SPIKE: 1 days with >50% move
XBIO,SPIKE: 1 days with >50% move
XBPEW,SPIKE: 2 days with >50% move
XCH,SPIKE: 1 days with >50% move
XHLD,SPIKE: 2 days with >50% move
XOSWW,SPIKE: 1 days with >50% move
XPDB,SPIKE: 1 days with >50% move
XPDBW,SPIKE: 4 days with >50% move
YAAS,SPIKE: 2 days with >50% move
YDESW,SPIKE: 2 days with >50% move
YDKG,SPIKE: 2 days with >50% move
YHNAR,SPIKE: 1 days with >50% move
YHGJ,SPIKE: 2 days with >50% move
YYGH,SPIKE: 1 days with >50% move
UFG,SPIKE: 3 days with >50% move
VERB,SPIKE: 1 days with >50% move
VERI,SPIKE: 1 days with >50% move
VTGN,SPIKE: 1 days with >50% move
VVOS,SPIKE: 7 days with >50% move
VVPR,SPIKE: 13 days with >50% move
VWAVW,SPIKE: 3 days with >50% move
VYGR,SPIKE: 1 days with >50% move
VYNE,SPIKE: 5 days with >50% move
XTKG,SPIKE: 2 days with >50% move
XTLB,SPIKE: 1 days with >50% move
ZNB,SPIKE: 3 days with >50% move
ZWZZT,SPIKE: 29 days with >50% move
ZWZZT,GAPS: Missing 206 business days (67.3% of range)
ZYNE,SPIKE: 1 days with >50% move
ZYXI,SPIKE: 2 days with >50% move
BPAC,GAPS: Missing 688 business days (66.5% of range)
BVC,SPIKE: 1 days with >50% move
BVC,GAPS: Missing 2 business days (14.3% of range)
VSNT,GAPS: Missing 13 business days (61.9% of range)
WSTN,GAPS: Missing 1 business days (11.1% of range)
WSTNR,GAPS: Missing 1 business days (11.1% of range)
ABNY,SPIKE: 1 days with >50% move
ADX,SPIKE: 1 days with >50% move
AMBO,SPIKE: 1 days with >50% move
AMDY,SPIKE: 1 days with >50% move
AMLP,SPIKE: 1 days with >50% move
APPX,SPIKE: 1 days with >50% move
ARMP,SPIKE: 1 days with >50% move
ATCH,SPIKE: 4 days with >50% move
AWX,SPIKE: 1 days with >50% move
BGI,SPIKE: 1 days with >50% move
BNDD,SPIKE: 1 days with >50% move
BQ,SPIKE: 4 days with >50% move
BRIA,SPIKE: 1 days with >50% move
BTF,SPIKE: 1 days with >50% move
BURU,SPIKE: 1 days with >50% move
BZQ,SPIKE: 1 days with >50% move
CANF,SPIKE: 1 days with >50% move
CHOW,SPIKE: 1 days with >50% move
CNBS,SPIKE: 1 days with >50% move
CONY,SPIKE: 1 days with >50% move
COPRD,SPIKE: 9 days with >50% move
COPRD,GAPS: Missing 613 business days (86.0% of range)
CRSH,SPIKE: 1 days with >50% move
CTEC,SPIKE: 1 days with >50% move
DDM,SPIKE: 1 days with >50% move
DIPS,SPIKE: 1 days with >50% move
DJTU,SPIKE: 1 days with >50% move
DZZ,SPIKE: 1 days with >50% move
EDZ,SPIKE: 1 days with >50% move
EEV,SPIKE: 1 days with >50% move
EONRWS,SPIKE: 3 days with >50% move
ESP,SPIKE: 1 days with >50% move
ESSC,SPIKE: 1 days with >50% move
ESSC,GAPS: Missing 776 business days (51.2% of range)
ETH,SPIKE: 1 days with >50% move
ETHD,SPIKE: 1 days with >50% move
FAZ,SPIKE: 1 days with >50% move
FFC,SPIKE: 1 days with >50% move
FIAT,SPIKE: 1 days with >50% move
FLYX,SPIKE: 1 days with >50% move
FSI,SPIKE: 16 days with >50% move
FTPA,GAPS: Missing 699 business days (87.5% of range)
FXP,SPIKE: 1 days with >50% move
GDXD,SPIKE: 1 days with >50% move
GEMG,SPIKE: 1 days with >50% move
GLL,SPIKE: 1 days with >50% move
GNOM,SPIKE: 1 days with >50% move
GRFX,SPIKE: 2 days with >50% move
GSC,SPIKE: 17 days with >50% move
HEAL,SPIKE: 1 days with >50% move
HOOX,SPIKE: 1 days with >50% move
IAF,SPIKE: 1 days with >50% move
IHE,SPIKE: 1 days with >50% move
IHT,SPIKE: 3 days with >50% move
IJH,SPIKE: 1 days with >50% move
IJJ,SPIKE: 1 days with >50% move
IJK,SPIKE: 1 days with >50% move
IJR,SPIKE: 2 days with >50% move
IJS,SPIKE: 1 days with >50% move
IJT,SPIKE: 2 days with >50% move
ILCB,SPIKE: 1 days with >50% move
ILCG,SPIKE: 1 days with >50% move
ILCV,SPIKE: 1 days with >50% move
ILF,SPIKE: 1 days with >50% move
IONL,SPIKE: 1 days with >50% move
IONZ,SPIKE: 1 days with >50% move
KNW,SPIKE: 2 days with >50% move
KROP,SPIKE: 1 days with >50% move
KULR,SPIKE: 8 days with >50% move
LABD,SPIKE: 1 days with >50% move
LIT,SPIKE: 1 days with >50% move
LODE,SPIKE: 13 days with >50% move
LPA,SPIKE: 6 days with >50% move
LTL,SPIKE: 1 days with >50% move
LUD,SPIKE: 1 days with >50% move
MCRP,SPIKE: 1 days with >50% move
MDYG,SPIKE: 1 days with >50% move
MDYV,SPIKE: 1 days with >50% move
MEXX,SPIKE: 2 days with >50% move
MHY,SPIKE: 1 days with >50% move
MHY,GAPS: Missing 2361 business days (95.9% of range)
MLPI,GAPS: Missing 2 business days (10.5% of range)
MMA,SPIKE: 1 days with >50% move
MRNY,SPIKE: 1 days with >50% move
MRT,GAPS: Missing 1117 business days (46.1% of range)
MSN,SPIKE: 3 days with >50% move
MSOS,SPIKE: 1 days with >50% move
MSOX,SPIKE: 8 days with >50% move
MSTX,SPIKE: 1 days with >50% move
MSTY,SPIKE: 1 days with >50% move
MTA,SPIKE: 1 days with >50% move
NBY,SPIKE: 4 days with >50% move
NCL,SPIKE: 1 days with >50% move
NMBL,SPIKE: 1 days with >50% move
NMBL,GAPS: Missing 2188 business days (95.6% of range)
NVA,SPIKE: 2 days with >50% move
NVDD,SPIKE: 1 days with >50% move
NVDS,SPIKE: 1 days with >50% move
OARK,SPIKE: 1 days with >50% move
OIH,SPIKE: 2 days with >50% move
OILD,SPIKE: 4 days with >50% move
OILD,GAPS: Missing 492 business days (21.4% of range)
OKLL,SPIKE: 1 days with >50% move
OXLC,SPIKE: 1 days with >50% move
PAPL,SPIKE: 2 days with >50% move
PCLN,SPIKE: 1 days with >50% move
PCLN,GAPS: Missing 1998 business days (95.2% of range)
PHD,SPIKE: 1 days with >50% move
PHD,GAPS: Missing 59 business days (37.1% of range)
PHGE,SPIKE: 1 days with >50% move
PLTZ,SPIKE: 1 days with >50% move
PMI,SPIKE: 2 days with >50% move
PTN,SPIKE: 1 days with >50% move
PYPY,SPIKE: 1 days with >50% move
QLD,SPIKE: 1 days with >50% move
REW,SPIKE: 1 days with >50% move
RKLX,SPIKE: 1 days with >50% move
RNRG,SPIKE: 1 days with >50% move
RWK,SPIKE: 1 days with >50% move
SATX,SPIKE: 1 days with >50% move
SBEV,SPIKE: 1 days with >50% move
SCPX,SPIKE: 36 days with >50% move
SDS,SPIKE: 1 days with >50% move
SENS,SPIKE: 1 days with >50% move
SETH,SPIKE: 1 days with >50% move
SGN,SPIKE: 1 days with >50% move
SMCZ,SPIKE: 1 days with >50% move
SOQ,ZERO_PRICE: 95 days with 0.0 price
SOQ,SPIKE: 2 days with >50% move
SPXS,SPIKE: 1 days with >50% move
SPXU,SPIKE: 1 days with >50% move
SQQQ,SPIKE: 1 days with >50% move
SRTY,SPIKE: 1 days with >50% move
SSG,SPIKE: 1 days with >50% move
SSO,SPIKE: 1 days with >50% move
STRN,SPIKE: 11 days with >50% move
STRN,GAPS: Missing 2770 business days (40.5% of range)
SVT,SPIKE: 1 days with >50% move
TFI,SPIKE: 1 days with >50% move
TMDE,SPIKE: 1 days with >50% move
TMQ,SPIKE: 2 days with >50% move
TOPP,SPIKE: 1 days with >50% move
TOVX,SPIKE: 1 days with >50% move
TQQQ,SPIKE: 1 days with >50% move
TSLI,GAPS: Missing 581 business days (85.3% of range)
TSLQ,SPIKE: 1 days with >50% move
TSLY,SPIKE: 1 days with >50% move
TYG,SPIKE: 4 days with >50% move
TZA,SPIKE: 6 days with >50% move
UAVS,SPIKE: 1 days with >50% move
UDOW,SPIKE: 1 days with >50% move
UGL,SPIKE: 1 days with >50% move
ULTY,SPIKE: 1 days with >50% move
UMAC,SPIKE: 2 days with >50% move
UPW,SPIKE: 1 days with >50% move
USAS,SPIKE: 1 days with >50% move
USD,SPIKE: 1 days with >50% move
UUU,SPIKE: 1 days with >50% move
VNTG,SPIKE: 1 days with >50% move
VXF,SPIKE: 1 days with >50% move
WEAT,SPIKE: 1 days with >50% move
XLB,SPIKE: 1 days with >50% move
XLE,SPIKE: 1 days with >50% move
XLU,SPIKE: 1 days with >50% move
XXV,GAPS: Missing 1988 business days (95.2% of range)
XYZY,SPIKE: 1 days with >50% move
YBIT,SPIKE: 1 days with >50% move
YCBD,SPIKE: 3 days with >50% move
YXI,SPIKE: 1 days with >50% move
ZONE,SPIKE: 1 days with >50% move
EPAI,GAPS: Missing 2 business days (11.1% of range)
FJET,SPIKE: 2 days with >50% move
FJET,GAPS: Missing 2 business days (11.8% of range)
KUST,SPIKE: 1 days with >50% move
MATE,GAPS: Missing 2 business days (10.5% of range)
STBQ,GAPS: Missing 2 business days (13.3% of range)
TKNQ,GAPS: Missing 2 business days (13.3% of range)
TMLP,GAPS: Missing 2 business days (13.3% of range)
TNUK,GAPS: Missing 2 business days (10.5% of range)
VGRO,GAPS: Missing 2 business days (13.3% of range)
